Student_ID,Name,Dept,Section,Maths,Physics,Chemistry,Programming,English,Total,Average,Grade,Result,Rank
STU0001,Student_1,MECH,A,49,95,55,58,37,294,58.8,D,Pass,834
STU0002,Student_2,CIVIL,B,64,72,36,98,94,364,72.8,B,Pass,279
STU0003,Student_3,CIVIL,A,92,56,83,93,76,400,80,A,Pass,68
STU0004,Student_4,MECH,C,96,96,81,96,85,454,90.8,A+,Pass,3
STU0005,Student_5,MECH,C,98,37,85,41,55,316,63.2,C,Pass,680
STU0006,Student_6,CSE,C,52,38,94,48,43,275,55,D,Pass,927
STU0007,Student_7,ECE,A,36,94,78,42,81,331,66.2,C,Pass,565
STU0008,Student_8,EEE,B,70,84,38,36,40,268,53.6,D,Pass,943
STU0009,Student_9,ECE,B,97,52,78,68,96,391,78.2,B,Pass,107
STU0010,Student_10,MECH,B,82,49,96,74,87,388,77.6,B,Pass,123
STU0011,Student_11,ECE,A,94,75,63,49,79,360,72,B,Pass,316
STU0012,Student_12,CSE,A,43,35,42,97,45,262,52.4,D,Pass,960
STU0013,Student_13,EEE,A,42,69,69,67,39,286,57.2,D,Pass,887
STU0014,Student_14,ECE,C,75,62,41,46,68,292,58.4,D,Pass,855
STU0015,Student_15,CSE,C,57,96,71,78,69,371,74.2,B,Pass,239
STU0016,Student_16,CSE,C,81,37,35,39,48,240,48,F,Pass,993
STU0017,Student_17,EEE,A,49,76,85,97,86,393,78.6,B,Pass,100
STU0018,Student_18,CIVIL,B,57,49,77,63,70,316,63.2,C,Pass,680
STU0019,Student_19,CIVIL,C,93,62,100,76,79,410,82,A,Pass,41
STU0020,Student_20,CSE,A,40,62,62,78,64,306,61.2,C,Pass,762
STU0021,Student_21,EEE,B,96,35,61,96,37,325,65,C,Pass,607
STU0022,Student_22,EEE,A,96,71,85,78,58,388,77.6,B,Pass,123
STU0023,Student_23,EEE,B,66,86,96,92,86,426,85.2,A,Pass,17
STU0024,Student_24,MECH,B,73,36,37,90,93,329,65.8,C,Pass,583
STU0025,Student_25,CSE,B,36,88,35,53,36,248,49.6,F,Pass,985
STU0026,Student_26,CIVIL,B,66,66,89,90,51,362,72.4,B,Pass,294
STU0027,Student_27,CIVIL,B,45,50,93,37,54,279,55.8,D,Pass,914
STU0028,Student_28,MECH,C,70,53,53,54,86,316,63.2,C,Pass,680
STU0029,Student_29,CSE,A,74,73,35,45,91,318,63.6,C,Pass,666
STU0030,Student_30,CSE,B,57,65,76,41,50,289,57.8,D,Pass,873
STU0031,Student_31,ECE,A,94,36,35,82,46,293,58.6,D,Pass,846
STU0032,Student_32,CIVIL,A,66,43,53,82,37,281,56.2,D,Pass,908
STU0033,Student_33,MECH,B,67,58,70,72,59,326,65.2,C,Pass,599
STU0034,Student_34,CIVIL,B,100,88,69,95,75,427,85.4,A,Pass,16
STU0035,Student_35,MECH,A,67,48,55,82,54,306,61.2,C,Pass,762
STU0036,Student_36,EEE,A,67,82,93,56,64,362,72.4,B,Pass,294
STU0037,Student_37,CIVIL,C,88,42,61,61,55,307,61.4,C,Pass,753
STU0038,Student_38,CSE,C,98,95,82,53,38,366,73.2,B,Pass,267
STU0039,Student_39,EEE,A,51,78,64,80,40,313,62.6,C,Pass,705
STU0040,Student_40,EEE,A,71,58,80,87,94,390,78,B,Pass,112
STU0041,Student_41,CSE,C,66,67,52,59,88,332,66.4,C,Pass,556
STU0042,Student_42,ECE,C,80,58,66,81,57,342,68.4,C,Pass,469
STU0043,Student_43,ECE,C,61,36,51,67,43,258,51.6,D,Pass,970
STU0044,Student_44,EEE,B,82,73,76,60,84,375,75,B,Pass,204
STU0045,Student_45,CSE,A,94,41,91,70,79,375,75,B,Pass,204
STU0046,Student_46,MECH,A,42,50,48,49,100,289,57.8,D,Pass,873
STU0047,Student_47,EEE,A,92,97,96,56,92,433,86.6,A,Pass,11
STU0048,Student_48,ECE,B,83,86,76,49,88,382,76.4,B,Pass,153
STU0049,Student_49,EEE,A,42,87,94,39,40,302,60.4,C,Pass,790
STU0050,Student_50,CIVIL,B,81,89,74,86,50,380,76,B,Pass,165
STU0051,Student_51,CIVIL,B,64,53,51,97,53,318,63.6,C,Pass,666
STU0052,Student_52,MECH,B,89,96,57,43,46,331,66.2,C,Pass,565
STU0053,Student_53,CIVIL,A,92,35,68,82,35,312,62.4,C,Pass,715
STU0054,Student_54,CIVIL,C,98,97,56,60,50,361,72.2,B,Pass,306
STU0055,Student_55,EEE,A,91,63,81,96,50,381,76.2,B,Pass,159
STU0056,Student_56,ECE,B,82,73,67,57,44,323,64.6,C,Pass,618
STU0057,Student_57,CIVIL,B,86,44,53,92,35,310,62,C,Pass,728
STU0058,Student_58,CIVIL,A,38,50,58,36,66,248,49.6,F,Pass,985
STU0059,Student_59,EEE,B,69,67,67,95,85,383,76.6,B,Pass,147
STU0060,Student_60,EEE,A,46,99,67,74,77,363,72.6,B,Pass,287
STU0061,Student_61,MECH,A,47,46,80,36,69,278,55.6,D,Pass,920
STU0062,Student_62,CSE,B,42,60,68,41,92,303,60.6,C,Pass,786
STU0063,Student_63,CIVIL,B,63,70,55,70,44,302,60.4,C,Pass,790
STU0064,Student_64,CIVIL,A,58,98,83,70,58,367,73.4,B,Pass,263
STU0065,Student_65,CIVIL,A,89,47,57,64,51,308,61.6,C,Pass,744
STU0066,Student_66,CSE,B,47,93,53,83,46,322,64.4,C,Pass,622
STU0067,Student_67,CIVIL,A,53,43,62,86,50,294,58.8,D,Pass,834
STU0068,Student_68,CIVIL,A,46,59,86,87,57,335,67,C,Pass,538
STU0069,Student_69,CSE,C,87,76,92,73,48,376,75.2,B,Pass,197
STU0070,Student_70,ECE,A,69,52,43,92,51,307,61.4,C,Pass,753
STU0071,Student_71,CIVIL,B,41,80,47,74,76,318,63.6,C,Pass,666
STU0072,Student_72,CSE,B,61,100,39,63,71,334,66.8,C,Pass,544
STU0073,Student_73,EEE,A,99,51,79,38,70,337,67.4,C,Pass,520
STU0074,Student_74,MECH,C,53,95,88,73,53,362,72.4,B,Pass,294
STU0075,Student_75,EEE,A,47,92,54,95,73,361,72.2,B,Pass,306
STU0076,Student_76,CSE,C,96,97,59,90,67,409,81.8,A,Pass,44
STU0077,Student_77,CIVIL,B,92,78,79,66,79,394,78.8,B,Pass,95
STU0078,Student_78,CIVIL,C,55,70,53,54,91,323,64.6,C,Pass,618
STU0079,Student_79,ECE,C,83,48,49,65,35,280,56,D,Pass,909
STU0080,Student_80,CIVIL,B,37,50,91,46,50,274,54.8,D,Pass,932
STU0081,Student_81,MECH,A,42,70,42,92,94,340,68,C,Pass,491
STU0082,Student_82,ECE,A,75,98,61,97,51,382,76.4,B,Pass,153
STU0083,Student_83,CSE,A,63,47,80,69,40,299,59.8,D,Pass,811
STU0084,Student_84,ECE,C,81,59,100,44,90,374,74.8,B,Pass,210
STU0085,Student_85,ECE,C,39,67,99,52,83,340,68,C,Pass,491
STU0086,Student_86,EEE,A,60,97,93,61,83,394,78.8,B,Pass,95
STU0087,Student_87,CIVIL,A,35,55,89,40,39,258,51.6,D,Pass,970
STU0088,Student_88,EEE,A,57,87,71,51,35,301,60.2,C,Pass,801
STU0089,Student_89,EEE,A,38,96,99,66,68,367,73.4,B,Pass,263
STU0090,Student_90,MECH,C,73,60,68,88,37,326,65.2,C,Pass,599
STU0091,Student_91,EEE,B,46,99,88,39,91,363,72.6,B,Pass,287
STU0092,Student_92,CSE,C,81,57,48,100,85,371,74.2,B,Pass,239
STU0093,Student_93,MECH,B,72,84,64,85,97,402,80.4,A,Pass,63
STU0094,Student_94,ECE,A,72,64,85,39,63,323,64.6,C,Pass,618
STU0095,Student_95,MECH,B,90,51,51,68,40,300,60,C,Pass,807
STU0096,Student_96,CIVIL,B,77,57,89,50,42,315,63,C,Pass,690
STU0097,Student_97,MECH,A,61,66,84,95,85,391,78.2,B,Pass,107
STU0098,Student_98,EEE,A,39,76,95,56,55,321,64.2,C,Pass,632
STU0099,Student_99,CSE,A,46,80,68,83,79,356,71.2,B,Pass,349
STU0100,Student_100,EEE,A,60,81,90,97,82,410,82,A,Pass,41
STU0101,Student_101,CIVIL,A,60,70,35,42,86,293,58.6,D,Pass,846
STU0102,Student_102,ECE,C,36,60,48,93,90,327,65.4,C,Pass,594
STU0103,Student_103,EEE,C,37,57,52,72,49,267,53.4,D,Pass,945
STU0104,Student_104,CSE,C,62,73,91,51,78,355,71,B,Pass,355
STU0105,Student_105,CSE,A,47,59,44,52,68,270,54,D,Pass,939
STU0106,Student_106,CSE,C,76,75,40,86,60,337,67.4,C,Pass,520
STU0107,Student_107,ECE,C,90,93,67,87,56,393,78.6,B,Pass,100
STU0108,Student_108,CIVIL,B,38,96,96,58,89,377,75.4,B,Pass,190
STU0109,Student_109,CSE,C,37,65,74,70,58,304,60.8,C,Pass,783
STU0110,Student_110,ECE,C,38,40,85,96,91,350,70,B,Pass,397
STU0111,Student_111,ECE,C,42,60,85,79,78,344,68.8,C,Pass,452
STU0112,Student_112,CIVIL,B,60,53,54,46,81,294,58.8,D,Pass,834
STU0113,Student_113,CSE,B,48,98,72,71,45,334,66.8,C,Pass,544
STU0114,Student_114,MECH,A,37,67,40,84,44,272,54.4,D,Pass,935
STU0115,Student_115,CIVIL,C,44,78,36,47,74,279,55.8,D,Pass,914
STU0116,Student_116,ECE,A,97,51,43,49,58,298,59.6,D,Pass,818
STU0117,Student_117,EEE,B,83,96,94,84,43,400,80,A,Pass,68
STU0118,Student_118,ECE,C,69,35,74,98,56,332,66.4,C,Pass,556
STU0119,Student_119,MECH,A,45,48,94,64,69,320,64,C,Pass,649
STU0120,Student_120,CIVIL,A,39,60,96,38,76,309,61.8,C,Pass,737
STU0121,Student_121,CSE,B,74,73,48,66,85,346,69.2,C,Pass,437
STU0122,Student_122,CIVIL,B,57,97,49,59,51,313,62.6,C,Pass,705
STU0123,Student_123,CSE,C,100,87,85,73,85,430,86,A,Pass,14
STU0124,Student_124,EEE,C,85,76,98,49,63,371,74.2,B,Pass,239
STU0125,Student_125,CSE,B,61,70,63,72,91,357,71.4,B,Pass,338
STU0126,Student_126,CSE,A,61,89,67,100,44,361,72.2,B,Pass,306
STU0127,Student_127,CIVIL,C,72,47,65,81,86,351,70.2,B,Pass,385
STU0128,Student_128,CIVIL,A,63,81,79,36,61,320,64,C,Pass,649
STU0129,Student_129,EEE,C,70,70,60,77,61,338,67.6,C,Pass,510
STU0130,Student_130,CIVIL,C,72,40,57,81,80,330,66,C,Pass,576
STU0131,Student_131,EEE,B,47,96,94,77,39,353,70.6,B,Pass,368
STU0132,Student_132,CIVIL,C,65,43,85,63,74,330,66,C,Pass,576
STU0133,Student_133,CSE,B,45,57,35,80,55,272,54.4,D,Pass,935
STU0134,Student_134,ECE,B,70,88,91,35,97,381,76.2,B,Pass,159
STU0135,Student_135,EEE,C,55,81,87,43,86,352,70.4,B,Pass,379
STU0136,Student_136,CSE,A,60,75,69,97,59,360,72,B,Pass,316
STU0137,Student_137,ECE,C,72,36,41,68,51,268,53.6,D,Pass,943
STU0138,Student_138,EEE,C,85,88,58,59,86,376,75.2,B,Pass,197
STU0139,Student_139,CIVIL,A,83,63,97,56,60,359,71.8,B,Pass,322
STU0140,Student_140,MECH,B,83,83,54,97,95,412,82.4,A,Pass,32
STU0141,Student_141,CSE,C,35,47,85,90,96,353,70.6,B,Pass,368
STU0142,Student_142,CIVIL,A,79,64,50,74,53,320,64,C,Pass,649
STU0143,Student_143,ECE,A,81,100,72,85,97,435,87,A,Pass,8
STU0144,Student_144,MECH,A,42,63,89,37,66,297,59.4,D,Pass,823
STU0145,Student_145,ECE,B,68,89,66,84,41,348,69.6,C,Pass,416
STU0146,Student_146,CIVIL,A,91,93,88,85,42,399,79.8,B,Pass,76
STU0147,Student_147,ECE,C,66,80,50,71,88,355,71,B,Pass,355
STU0148,Student_148,CIVIL,B,89,82,41,41,67,320,64,C,Pass,649
STU0149,Student_149,CIVIL,C,53,70,63,94,36,316,63.2,C,Pass,680
STU0150,Student_150,CSE,C,54,45,36,46,54,235,47,F,Pass,998
STU0151,Student_151,CIVIL,A,72,43,87,78,58,338,67.6,C,Pass,510
STU0152,Student_152,CSE,B,64,93,48,43,74,322,64.4,C,Pass,622
STU0153,Student_153,ECE,A,59,56,38,60,92,305,61,C,Pass,770
STU0154,Student_154,CIVIL,A,71,52,76,75,72,346,69.2,C,Pass,437
STU0155,Student_155,ECE,A,71,59,61,91,65,347,69.4,C,Pass,427
STU0156,Student_156,EEE,B,46,87,44,79,51,307,61.4,C,Pass,753
STU0157,Student_157,ECE,A,96,80,98,36,88,398,79.6,B,Pass,77
STU0158,Student_158,EEE,A,85,87,70,60,63,365,73,B,Pass,275
STU0159,Student_159,CIVIL,C,74,45,70,93,73,355,71,B,Pass,355
STU0160,Student_160,EEE,B,89,58,56,90,67,360,72,B,Pass,316
STU0161,Student_161,ECE,C,54,96,60,100,74,384,76.8,B,Pass,144
STU0162,Student_162,CSE,A,95,77,76,59,73,380,76,B,Pass,165
STU0163,Student_163,EEE,C,78,85,46,53,78,340,68,C,Pass,491
STU0164,Student_164,EEE,C,83,95,51,91,89,409,81.8,A,Pass,44
STU0165,Student_165,CSE,C,46,96,42,55,59,298,59.6,D,Pass,818
STU0166,Student_166,ECE,A,46,49,93,60,60,308,61.6,C,Pass,744
STU0167,Student_167,ECE,C,51,57,60,41,48,257,51.4,D,Pass,973
STU0168,Student_168,CIVIL,C,43,82,93,73,52,343,68.6,C,Pass,461
STU0169,Student_169,EEE,B,51,48,65,58,94,316,63.2,C,Pass,680
STU0170,Student_170,CIVIL,B,37,71,77,74,89,348,69.6,C,Pass,416
STU0171,Student_171,MECH,C,49,38,59,47,67,260,52,D,Pass,965
STU0172,Student_172,CIVIL,B,100,89,76,68,64,397,79.4,B,Pass,81
STU0173,Student_173,EEE,C,47,47,52,66,73,285,57,D,Pass,893
STU0174,Student_174,MECH,A,96,96,91,50,90,423,84.6,A,Pass,18
STU0175,Student_175,MECH,C,44,64,59,39,99,305,61,C,Pass,770
STU0176,Student_176,CSE,C,79,48,64,52,96,339,67.8,C,Pass,503
STU0177,Student_177,CIVIL,A,82,99,87,49,83,400,80,A,Pass,68
STU0178,Student_178,CSE,C,71,95,77,73,90,406,81.2,A,Pass,52
STU0179,Student_179,EEE,B,59,86,38,93,54,330,66,C,Pass,576
STU0180,Student_180,CIVIL,C,88,91,75,37,40,331,66.2,C,Pass,565
STU0181,Student_181,CIVIL,A,88,81,83,43,54,349,69.8,C,Pass,408
STU0182,Student_182,ECE,A,95,69,84,96,51,395,79,B,Pass,89
STU0183,Student_183,EEE,C,47,48,45,90,63,293,58.6,D,Pass,846
STU0184,Student_184,CSE,C,59,76,43,74,59,311,62.2,C,Pass,722
STU0185,Student_185,CIVIL,C,93,72,39,82,52,338,67.6,C,Pass,510
STU0186,Student_186,CIVIL,A,62,74,79,96,92,403,80.6,A,Pass,60
STU0187,Student_187,EEE,B,74,67,40,53,74,308,61.6,C,Pass,744
STU0188,Student_188,MECH,A,93,93,82,75,47,390,78,B,Pass,112
STU0189,Student_189,EEE,A,87,76,97,61,72,393,78.6,B,Pass,100
STU0190,Student_190,MECH,C,39,79,92,65,57,332,66.4,C,Pass,556
STU0191,Student_191,ECE,B,66,87,64,73,65,355,71,B,Pass,355
STU0192,Student_192,ECE,B,46,73,100,47,80,346,69.2,C,Pass,437
STU0193,Student_193,EEE,A,51,94,98,69,64,376,75.2,B,Pass,197
STU0194,Student_194,ECE,A,97,62,94,71,56,380,76,B,Pass,165
STU0195,Student_195,MECH,B,98,51,46,56,51,302,60.4,C,Pass,790
STU0196,Student_196,ECE,B,99,56,84,48,98,385,77,B,Pass,136
STU0197,Student_197,CIVIL,C,86,41,63,45,67,302,60.4,C,Pass,790
STU0198,Student_198,EEE,C,92,60,80,63,38,333,66.6,C,Pass,550
STU0199,Student_199,CSE,C,47,73,49,63,63,295,59,D,Pass,829
STU0200,Student_200,EEE,B,81,56,61,90,55,343,68.6,C,Pass,461
STU0201,Student_201,CIVIL,C,40,53,91,37,35,256,51.2,D,Pass,975
STU0202,Student_202,ECE,B,49,68,95,69,98,379,75.8,B,Pass,176
STU0203,Student_203,CSE,A,58,46,52,49,61,266,53.2,D,Pass,948
STU0204,Student_204,MECH,B,51,87,42,61,80,321,64.2,C,Pass,632
STU0205,Student_205,ECE,C,37,98,78,87,58,358,71.6,B,Pass,326
STU0206,Student_206,MECH,B,37,54,80,49,59,279,55.8,D,Pass,914
STU0207,Student_207,CSE,B,43,72,82,94,97,388,77.6,B,Pass,123
STU0208,Student_208,CIVIL,A,36,45,98,55,52,286,57.2,D,Pass,887
STU0209,Student_209,ECE,B,72,66,45,79,67,329,65.8,C,Pass,583
STU0210,Student_210,MECH,B,75,42,45,85,75,322,64.4,C,Pass,622
STU0211,Student_211,CSE,A,80,66,88,54,67,355,71,B,Pass,355
STU0212,Student_212,ECE,B,36,67,64,67,60,294,58.8,D,Pass,834
STU0213,Student_213,ECE,B,80,49,78,83,95,385,77,B,Pass,136
STU0214,Student_214,EEE,C,40,43,40,66,75,264,52.8,D,Pass,954
STU0215,Student_215,ECE,B,96,96,41,38,40,311,62.2,C,Pass,722
STU0216,Student_216,ECE,B,60,37,75,94,48,314,62.8,C,Pass,696
STU0217,Student_217,EEE,B,46,46,47,59,79,277,55.4,D,Pass,921
STU0218,Student_218,EEE,B,53,89,79,42,87,350,70,B,Pass,397
STU0219,Student_219,EEE,B,52,56,71,90,93,362,72.4,B,Pass,294
STU0220,Student_220,EEE,B,69,95,88,97,41,390,78,B,Pass,112
STU0221,Student_221,MECH,A,65,92,95,58,54,364,72.8,B,Pass,279
STU0222,Student_222,CIVIL,B,54,94,58,84,83,373,74.6,B,Pass,220
STU0223,Student_223,EEE,A,70,100,68,70,40,348,69.6,C,Pass,416
STU0224,Student_224,ECE,C,92,46,37,52,74,301,60.2,C,Pass,801
STU0225,Student_225,CIVIL,C,60,42,76,78,48,304,60.8,C,Pass,783
STU0226,Student_226,ECE,C,71,72,75,96,94,408,81.6,A,Pass,47
STU0227,Student_227,CIVIL,C,48,36,51,62,100,297,59.4,D,Pass,823
STU0228,Student_228,EEE,A,39,99,74,90,70,372,74.4,B,Pass,233
STU0229,Student_229,CIVIL,C,81,65,45,44,48,283,56.6,D,Pass,904
STU0230,Student_230,ECE,A,44,35,39,54,42,214,42.8,F,Pass,999
STU0231,Student_231,EEE,A,91,98,62,71,81,403,80.6,A,Pass,60
STU0232,Student_232,CIVIL,A,83,78,90,62,40,353,70.6,B,Pass,368
STU0233,Student_233,MECH,C,95,54,36,71,54,310,62,C,Pass,728
STU0234,Student_234,ECE,A,35,69,93,67,85,349,69.8,C,Pass,408
STU0235,Student_235,MECH,B,54,87,77,84,63,365,73,B,Pass,275
STU0236,Student_236,CSE,C,90,77,84,57,78,386,77.2,B,Pass,130
STU0237,Student_237,MECH,C,79,86,84,42,35,326,65.2,C,Pass,599
STU0238,Student_238,CIVIL,B,39,81,68,99,89,376,75.2,B,Pass,197
STU0239,Student_239,ECE,C,64,51,60,42,81,298,59.6,D,Pass,818
STU0240,Student_240,CSE,C,80,67,35,53,65,300,60,C,Pass,807
STU0241,Student_241,CIVIL,A,96,100,98,97,67,458,91.6,A+,Pass,2
STU0242,Student_242,CSE,A,82,47,65,38,53,285,57,D,Pass,893
STU0243,Student_243,ECE,B,47,57,35,88,49,276,55.2,D,Pass,924
STU0244,Student_244,CSE,B,49,55,53,94,67,318,63.6,C,Pass,666
STU0245,Student_245,CSE,A,69,78,45,100,80,372,74.4,B,Pass,233
STU0246,Student_246,CSE,C,60,82,100,62,60,364,72.8,B,Pass,279
STU0247,Student_247,CSE,A,82,71,78,49,77,357,71.4,B,Pass,338
STU0248,Student_248,ECE,C,77,55,57,81,49,319,63.8,C,Pass,657
STU0249,Student_249,CSE,C,85,49,55,47,53,289,57.8,D,Pass,873
STU0250,Student_250,ECE,B,86,61,63,62,69,341,68.2,C,Pass,485
STU0251,Student_251,ECE,B,52,36,83,38,41,250,50,D,Pass,983
STU0252,Student_252,MECH,B,73,47,65,97,90,372,74.4,B,Pass,233
STU0253,Student_253,CSE,B,95,76,90,70,41,372,74.4,B,Pass,233
STU0254,Student_254,CSE,A,81,47,56,55,43,282,56.4,D,Pass,906
STU0255,Student_255,ECE,A,49,44,76,58,83,310,62,C,Pass,728
STU0256,Student_256,ECE,C,71,84,58,53,94,360,72,B,Pass,316
STU0257,Student_257,ECE,A,52,53,70,89,81,345,69,C,Pass,444
STU0258,Student_258,CSE,C,67,55,56,82,71,331,66.2,C,Pass,565
STU0259,Student_259,EEE,C,66,45,44,91,59,305,61,C,Pass,770
STU0260,Student_260,ECE,C,41,52,76,73,75,317,63.4,C,Pass,674
STU0261,Student_261,CSE,C,58,94,80,53,76,361,72.2,B,Pass,306
STU0262,Student_262,CIVIL,B,70,70,37,42,75,294,58.8,D,Pass,834
STU0263,Student_263,MECH,A,83,94,36,94,39,346,69.2,C,Pass,437
STU0264,Student_264,MECH,C,66,55,42,84,78,325,65,C,Pass,607
STU0265,Student_265,CIVIL,B,37,36,78,36,69,256,51.2,D,Pass,975
STU0266,Student_266,ECE,C,64,42,56,78,92,332,66.4,C,Pass,556
STU0267,Student_267,MECH,A,65,81,89,96,64,395,79,B,Pass,89
STU0268,Student_268,CSE,C,50,46,51,50,46,243,48.6,F,Pass,991
STU0269,Student_269,MECH,C,50,64,57,39,99,309,61.8,C,Pass,737
STU0270,Student_270,CSE,B,55,56,66,67,50,294,58.8,D,Pass,834
STU0271,Student_271,MECH,B,48,70,57,100,36,311,62.2,C,Pass,722
STU0272,Student_272,EEE,A,99,86,96,57,60,398,79.6,B,Pass,77
STU0273,Student_273,MECH,B,89,40,69,56,77,331,66.2,C,Pass,565
STU0274,Student_274,MECH,A,46,83,76,72,79,356,71.2,B,Pass,349
STU0275,Student_275,EEE,B,64,40,41,86,48,279,55.8,D,Pass,914
STU0276,Student_276,CSE,C,55,69,100,36,69,329,65.8,C,Pass,583
STU0277,Student_277,ECE,B,54,44,59,100,59,316,63.2,C,Pass,680
STU0278,Student_278,CIVIL,B,67,70,48,99,88,372,74.4,B,Pass,233
STU0279,Student_279,CIVIL,C,75,40,59,47,42,263,52.6,D,Pass,958
STU0280,Student_280,CIVIL,B,59,79,94,46,66,344,68.8,C,Pass,452
STU0281,Student_281,MECH,A,65,54,52,94,97,362,72.4,B,Pass,294
STU0282,Student_282,CIVIL,C,36,94,57,65,39,291,58.2,D,Pass,861
STU0283,Student_283,EEE,B,44,36,45,84,65,274,54.8,D,Pass,932
STU0284,Student_284,CSE,C,43,55,62,96,41,297,59.4,D,Pass,823
STU0285,Student_285,MECH,A,38,38,74,51,86,287,57.4,D,Pass,883
STU0286,Student_286,CIVIL,B,84,97,97,96,41,415,83,A,Pass,28
STU0287,Student_287,EEE,B,48,39,89,36,96,308,61.6,C,Pass,744
STU0288,Student_288,EEE,A,55,44,92,73,39,303,60.6,C,Pass,786
STU0289,Student_289,CSE,A,87,79,66,70,94,396,79.2,B,Pass,85
STU0290,Student_290,EEE,C,55,86,89,60,68,358,71.6,B,Pass,326
STU0291,Student_291,MECH,B,86,63,72,76,55,352,70.4,B,Pass,379
STU0292,Student_292,ECE,A,98,51,43,75,35,302,60.4,C,Pass,790
STU0293,Student_293,ECE,A,44,92,94,55,62,347,69.4,C,Pass,427
STU0294,Student_294,EEE,C,68,42,93,83,51,337,67.4,C,Pass,520
STU0295,Student_295,MECH,C,79,66,78,99,42,364,72.8,B,Pass,279
STU0296,Student_296,CIVIL,A,77,35,85,58,58,313,62.6,C,Pass,705
STU0297,Student_297,CSE,A,54,55,92,65,45,311,62.2,C,Pass,722
STU0298,Student_298,MECH,C,41,62,85,92,39,319,63.8,C,Pass,657
STU0299,Student_299,CIVIL,B,42,98,44,72,42,298,59.6,D,Pass,818
STU0300,Student_300,CSE,A,100,84,83,70,75,412,82.4,A,Pass,32
STU0301,Student_301,CSE,B,96,44,55,70,46,311,62.2,C,Pass,722
STU0302,Student_302,EEE,B,47,87,66,50,66,316,63.2,C,Pass,680
STU0303,Student_303,MECH,B,45,44,49,51,74,263,52.6,D,Pass,958
STU0304,Student_304,ECE,C,59,93,56,64,78,350,70,B,Pass,397
STU0305,Student_305,EEE,B,55,66,73,46,81,321,64.2,C,Pass,632
STU0306,Student_306,ECE,A,47,55,42,80,41,265,53,D,Pass,951
STU0307,Student_307,MECH,C,56,56,63,47,36,258,51.6,D,Pass,970
STU0308,Student_308,CIVIL,A,86,61,84,57,78,366,73.2,B,Pass,267
STU0309,Student_309,CIVIL,B,77,71,95,90,37,370,74,B,Pass,250
STU0310,Student_310,EEE,C,63,64,73,59,42,301,60.2,C,Pass,801
STU0311,Student_311,ECE,B,50,35,39,37,99,260,52,D,Pass,965
STU0312,Student_312,MECH,C,98,44,55,80,61,338,67.6,C,Pass,510
STU0313,Student_313,ECE,A,47,43,70,92,88,340,68,C,Pass,491
STU0314,Student_314,MECH,A,48,68,87,54,50,307,61.4,C,Pass,753
STU0315,Student_315,EEE,C,90,92,38,38,54,312,62.4,C,Pass,715
STU0316,Student_316,ECE,B,60,71,88,55,72,346,69.2,C,Pass,437
STU0317,Student_317,MECH,A,79,54,51,38,48,270,54,D,Pass,939
STU0318,Student_318,EEE,A,92,89,38,58,68,345,69,C,Pass,444
STU0319,Student_319,ECE,C,65,94,94,53,83,389,77.8,B,Pass,120
STU0320,Student_320,EEE,B,58,64,92,65,98,377,75.4,B,Pass,190
STU0321,Student_321,EEE,A,89,89,52,97,81,408,81.6,A,Pass,47
STU0322,Student_322,EEE,A,79,67,51,38,54,289,57.8,D,Pass,873
STU0323,Student_323,EEE,C,81,43,50,95,44,313,62.6,C,Pass,705
STU0324,Student_324,ECE,C,85,53,76,69,80,363,72.6,B,Pass,287
STU0325,Student_325,ECE,C,98,71,83,55,98,405,81,A,Pass,54
STU0326,Student_326,CIVIL,B,38,73,69,35,58,273,54.6,D,Pass,934
STU0327,Student_327,CSE,B,75,88,80,94,94,431,86.2,A,Pass,13
STU0328,Student_328,CSE,C,58,70,64,58,64,314,62.8,C,Pass,696
STU0329,Student_329,MECH,C,69,89,48,44,50,300,60,C,Pass,807
STU0330,Student_330,ECE,A,78,79,90,91,55,393,78.6,B,Pass,100
STU0331,Student_331,MECH,B,67,41,49,66,54,277,55.4,D,Pass,921
STU0332,Student_332,CIVIL,B,60,48,91,71,92,362,72.4,B,Pass,294
STU0333,Student_333,CIVIL,B,37,71,83,53,46,290,58,D,Pass,866
STU0334,Student_334,CSE,A,75,67,84,67,58,351,70.2,B,Pass,385
STU0335,Student_335,CIVIL,A,62,92,77,75,73,379,75.8,B,Pass,176
STU0336,Student_336,CSE,A,99,39,36,56,91,321,64.2,C,Pass,632
STU0337,Student_337,ECE,B,50,85,73,74,72,354,70.8,B,Pass,364
STU0338,Student_338,MECH,C,44,98,97,83,98,420,84,A,Pass,22
STU0339,Student_339,CIVIL,B,49,48,61,74,92,324,64.8,C,Pass,614
STU0340,Student_340,MECH,B,97,100,59,37,78,371,74.2,B,Pass,239
STU0341,Student_341,CSE,B,40,73,86,57,84,340,68,C,Pass,491
STU0342,Student_342,EEE,C,85,45,46,42,58,276,55.2,D,Pass,924
STU0343,Student_343,MECH,A,70,89,43,81,49,332,66.4,C,Pass,556
STU0344,Student_344,ECE,B,94,46,36,41,37,254,50.8,D,Pass,978
STU0345,Student_345,CIVIL,C,61,74,67,35,42,279,55.8,D,Pass,914
STU0346,Student_346,CIVIL,C,38,53,66,43,46,246,49.2,F,Pass,988
STU0347,Student_347,EEE,B,50,35,97,55,64,301,60.2,C,Pass,801
STU0348,Student_348,CIVIL,B,38,62,93,61,59,313,62.6,C,Pass,705
STU0349,Student_349,EEE,A,59,54,68,60,39,280,56,D,Pass,909
STU0350,Student_350,EEE,A,43,84,40,94,78,339,67.8,C,Pass,503
STU0351,Student_351,CSE,C,100,81,37,64,55,337,67.4,C,Pass,520
STU0352,Student_352,MECH,B,96,67,69,86,68,386,77.2,B,Pass,130
STU0353,Student_353,CSE,C,81,92,91,57,82,403,80.6,A,Pass,60
STU0354,Student_354,CSE,A,45,49,69,67,50,280,56,D,Pass,909
STU0355,Student_355,ECE,B,74,62,81,73,54,344,68.8,C,Pass,452
STU0356,Student_356,MECH,A,97,38,92,59,81,367,73.4,B,Pass,263
STU0357,Student_357,CIVIL,C,91,87,80,48,51,357,71.4,B,Pass,338
STU0358,Student_358,CSE,C,40,57,93,80,72,342,68.4,C,Pass,469
STU0359,Student_359,MECH,A,96,69,53,64,59,341,68.2,C,Pass,485
STU0360,Student_360,ECE,B,56,82,85,37,76,336,67.2,C,Pass,530
STU0361,Student_361,EEE,A,62,79,97,53,81,372,74.4,B,Pass,233
STU0362,Student_362,MECH,B,72,87,95,70,74,398,79.6,B,Pass,77
STU0363,Student_363,CSE,B,43,98,67,86,48,342,68.4,C,Pass,469
STU0364,Student_364,EEE,A,93,75,42,36,75,321,64.2,C,Pass,632
STU0365,Student_365,CIVIL,B,82,64,46,69,45,306,61.2,C,Pass,762
STU0366,Student_366,ECE,A,55,82,54,78,67,336,67.2,C,Pass,530
STU0367,Student_367,CIVIL,A,95,43,69,99,42,348,69.6,C,Pass,416
STU0368,Student_368,CIVIL,C,81,74,88,80,81,404,80.8,A,Pass,58
STU0369,Student_369,CSE,C,60,86,56,55,85,342,68.4,C,Pass,469
STU0370,Student_370,MECH,A,63,85,38,89,62,337,67.4,C,Pass,520
STU0371,Student_371,MECH,B,79,100,68,89,35,371,74.2,B,Pass,239
STU0372,Student_372,CSE,B,51,95,46,40,61,293,58.6,D,Pass,846
STU0373,Student_373,EEE,B,99,91,74,48,69,381,76.2,B,Pass,159
STU0374,Student_374,CIVIL,A,47,95,83,80,96,401,80.2,A,Pass,66
STU0375,Student_375,EEE,A,73,83,98,96,88,438,87.6,A,Pass,5
STU0376,Student_376,CSE,A,71,83,75,51,55,335,67,C,Pass,538
STU0377,Student_377,EEE,C,73,89,75,73,47,357,71.4,B,Pass,338
STU0378,Student_378,EEE,B,53,45,80,79,35,292,58.4,D,Pass,855
STU0379,Student_379,MECH,C,95,46,95,67,79,382,76.4,B,Pass,153
STU0380,Student_380,ECE,C,42,59,80,64,81,326,65.2,C,Pass,599
STU0381,Student_381,CSE,C,52,100,67,70,53,342,68.4,C,Pass,469
STU0382,Student_382,MECH,A,49,75,73,36,97,330,66,C,Pass,576
STU0383,Student_383,CIVIL,A,100,85,44,48,85,362,72.4,B,Pass,294
STU0384,Student_384,CSE,A,73,62,37,61,36,269,53.8,D,Pass,941
STU0385,Student_385,CIVIL,B,37,50,74,36,75,272,54.4,D,Pass,935
STU0386,Student_386,MECH,C,99,89,79,96,83,446,89.2,A,Pass,4
STU0387,Student_387,CSE,C,58,72,62,55,88,335,67,C,Pass,538
STU0388,Student_388,EEE,B,70,79,87,64,94,394,78.8,B,Pass,95
STU0389,Student_389,MECH,B,66,62,78,75,97,378,75.6,B,Pass,184
STU0390,Student_390,EEE,B,91,67,58,73,68,357,71.4,B,Pass,338
STU0391,Student_391,MECH,A,41,71,90,99,99,400,80,A,Pass,68
STU0392,Student_392,MECH,C,63,94,52,69,77,355,71,B,Pass,355
STU0393,Student_393,EEE,B,45,83,72,98,42,340,68,C,Pass,491
STU0394,Student_394,ECE,B,99,65,38,84,64,350,70,B,Pass,397
STU0395,Student_395,EEE,C,79,38,60,61,80,318,63.6,C,Pass,666
STU0396,Student_396,EEE,C,85,84,40,93,49,351,70.2,B,Pass,385
STU0397,Student_397,CIVIL,B,76,71,76,69,40,332,66.4,C,Pass,556
STU0398,Student_398,MECH,B,63,93,81,51,56,344,68.8,C,Pass,452
STU0399,Student_399,MECH,A,71,83,47,68,87,356,71.2,B,Pass,349
STU0400,Student_400,EEE,C,85,37,76,66,85,349,69.8,C,Pass,408
STU0401,Student_401,ECE,A,80,55,78,45,35,293,58.6,D,Pass,846
STU0402,Student_402,MECH,C,58,47,45,85,51,286,57.2,D,Pass,887
STU0403,Student_403,EEE,B,58,53,71,42,62,286,57.2,D,Pass,887
STU0404,Student_404,CIVIL,A,70,53,98,45,88,354,70.8,B,Pass,364
STU0405,Student_405,CIVIL,C,46,55,45,39,90,275,55,D,Pass,927
STU0406,Student_406,MECH,A,80,46,51,53,60,290,58,D,Pass,866
STU0407,Student_407,MECH,B,89,67,96,57,49,358,71.6,B,Pass,326
STU0408,Student_408,EEE,C,98,85,87,85,81,436,87.2,A,Pass,7
STU0409,Student_409,MECH,C,69,82,79,53,97,380,76,B,Pass,165
STU0410,Student_410,EEE,C,47,81,95,65,56,344,68.8,C,Pass,452
STU0411,Student_411,CIVIL,B,77,88,44,76,98,383,76.6,B,Pass,147
STU0412,Student_412,CIVIL,B,75,58,69,90,64,356,71.2,B,Pass,349
STU0413,Student_413,CSE,B,81,69,53,42,60,305,61,C,Pass,770
STU0414,Student_414,CSE,C,64,41,99,70,59,333,66.6,C,Pass,550
STU0415,Student_415,CIVIL,A,49,71,47,42,39,248,49.6,F,Pass,985
STU0416,Student_416,MECH,A,35,70,69,100,97,371,74.2,B,Pass,239
STU0417,Student_417,CSE,B,80,38,64,37,48,267,53.4,D,Pass,945
STU0418,Student_418,MECH,A,79,68,79,95,50,371,74.2,B,Pass,239
STU0419,Student_419,ECE,A,68,50,94,100,100,412,82.4,A,Pass,32
STU0420,Student_420,ECE,A,90,65,68,73,42,338,67.6,C,Pass,510
STU0421,Student_421,EEE,B,87,73,99,51,64,374,74.8,B,Pass,210
STU0422,Student_422,CIVIL,A,55,53,87,53,91,339,67.8,C,Pass,503
STU0423,Student_423,CSE,B,65,89,57,66,96,373,74.6,B,Pass,220
STU0424,Student_424,ECE,B,88,86,54,66,48,342,68.4,C,Pass,469
STU0425,Student_425,ECE,B,87,58,56,64,97,362,72.4,B,Pass,294
STU0426,Student_426,MECH,A,93,42,46,65,68,314,62.8,C,Pass,696
STU0427,Student_427,ECE,B,83,91,60,52,72,358,71.6,B,Pass,326
STU0428,Student_428,CSE,C,84,42,75,40,78,319,63.8,C,Pass,657
STU0429,Student_429,CSE,A,62,45,99,53,43,302,60.4,C,Pass,790
STU0430,Student_430,EEE,B,78,49,85,47,83,342,68.4,C,Pass,469
STU0431,Student_431,MECH,C,71,51,92,63,67,344,68.8,C,Pass,452
STU0432,Student_432,MECH,C,89,44,81,57,55,326,65.2,C,Pass,599
STU0433,Student_433,EEE,A,67,58,45,51,81,302,60.4,C,Pass,790
STU0434,Student_434,CSE,B,55,46,71,76,51,299,59.8,D,Pass,811
STU0435,Student_435,CIVIL,B,82,62,75,81,52,352,70.4,B,Pass,379
STU0436,Student_436,EEE,A,47,47,65,36,50,245,49,F,Pass,989
STU0437,Student_437,CSE,A,72,88,90,79,68,397,79.4,B,Pass,81
STU0438,Student_438,CSE,C,70,52,37,62,78,299,59.8,D,Pass,811
STU0439,Student_439,CIVIL,B,88,99,55,47,91,380,76,B,Pass,165
STU0440,Student_440,CSE,B,88,44,87,78,81,378,75.6,B,Pass,184
STU0441,Student_441,CIVIL,B,80,47,71,58,36,292,58.4,D,Pass,855
STU0442,Student_442,CSE,B,44,69,59,37,51,260,52,D,Pass,965
STU0443,Student_443,MECH,B,58,63,77,59,94,351,70.2,B,Pass,385
STU0444,Student_444,ECE,B,99,62,50,81,92,384,76.8,B,Pass,144
STU0445,Student_445,MECH,C,87,76,93,81,68,405,81,A,Pass,54
STU0446,Student_446,CIVIL,B,41,59,67,89,92,348,69.6,C,Pass,416
STU0447,Student_447,MECH,A,46,50,77,41,85,299,59.8,D,Pass,811
STU0448,Student_448,CSE,C,42,79,93,38,63,315,63,C,Pass,690
STU0449,Student_449,CSE,A,62,78,38,43,39,260,52,D,Pass,965
STU0450,Student_450,MECH,B,49,66,62,56,51,284,56.8,D,Pass,901
STU0451,Student_451,EEE,B,91,60,59,44,79,333,66.6,C,Pass,550
STU0452,Student_452,EEE,C,87,62,99,83,81,412,82.4,A,Pass,32
STU0453,Student_453,MECH,B,88,94,91,81,65,419,83.8,A,Pass,25
STU0454,Student_454,CSE,B,60,39,86,88,67,340,68,C,Pass,491
STU0455,Student_455,ECE,B,61,49,95,55,80,340,68,C,Pass,491
STU0456,Student_456,CIVIL,B,72,96,96,80,47,391,78.2,B,Pass,107
STU0457,Student_457,EEE,B,40,42,78,67,84,311,62.2,C,Pass,722
STU0458,Student_458,EEE,C,62,75,50,82,90,359,71.8,B,Pass,322
STU0459,Student_459,EEE,B,96,45,52,53,89,335,67,C,Pass,538
STU0460,Student_460,ECE,B,40,38,63,93,51,285,57,D,Pass,893
STU0461,Student_461,EEE,C,100,68,42,47,42,299,59.8,D,Pass,811
STU0462,Student_462,MECH,C,99,77,73,93,78,420,84,A,Pass,22
STU0463,Student_463,CSE,A,70,62,76,77,76,361,72.2,B,Pass,306
STU0464,Student_464,MECH,B,89,82,56,61,47,335,67,C,Pass,538
STU0465,Student_465,CIVIL,B,43,88,61,68,35,295,59,D,Pass,829
STU0466,Student_466,CSE,A,54,69,51,52,79,305,61,C,Pass,770
STU0467,Student_467,MECH,A,87,99,35,92,60,373,74.6,B,Pass,220
STU0468,Student_468,CIVIL,C,44,93,75,39,99,350,70,B,Pass,397
STU0469,Student_469,CSE,B,75,45,90,85,55,350,70,B,Pass,397
STU0470,Student_470,EEE,B,53,94,81,60,74,362,72.4,B,Pass,294
STU0471,Student_471,CIVIL,A,38,57,49,42,75,261,52.2,D,Pass,962
STU0472,Student_472,EEE,C,80,62,49,71,35,297,59.4,D,Pass,823
STU0473,Student_473,EEE,C,58,61,74,97,95,385,77,B,Pass,136
STU0474,Student_474,MECH,B,58,58,38,68,91,313,62.6,C,Pass,705
STU0475,Student_475,CSE,C,87,57,87,96,75,402,80.4,A,Pass,63
STU0476,Student_476,CSE,A,94,88,91,44,74,391,78.2,B,Pass,107
STU0477,Student_477,CIVIL,A,37,85,81,72,70,345,69,C,Pass,444
STU0478,Student_478,CSE,A,47,92,84,64,96,383,76.6,B,Pass,147
STU0479,Student_479,CIVIL,A,61,85,91,81,73,391,78.2,B,Pass,107
STU0480,Student_480,CIVIL,B,55,50,93,65,76,339,67.8,C,Pass,503
STU0481,Student_481,ECE,C,68,43,45,44,51,251,50.2,D,Pass,982
STU0482,Student_482,MECH,C,59,55,99,97,85,395,79,B,Pass,89
STU0483,Student_483,MECH,A,100,49,73,35,57,314,62.8,C,Pass,696
STU0484,Student_484,ECE,C,91,68,75,47,40,321,64.2,C,Pass,632
STU0485,Student_485,MECH,A,37,97,83,81,89,387,77.4,B,Pass,128
STU0486,Student_486,CSE,A,49,66,52,77,69,313,62.6,C,Pass,705
STU0487,Student_487,ECE,A,48,68,95,38,93,342,68.4,C,Pass,469
STU0488,Student_488,CIVIL,C,40,83,74,99,61,357,71.4,B,Pass,338
STU0489,Student_489,CIVIL,B,53,77,54,78,57,319,63.8,C,Pass,657
STU0490,Student_490,ECE,B,91,41,90,50,85,357,71.4,B,Pass,338
STU0491,Student_491,ECE,A,46,87,39,61,46,279,55.8,D,Pass,914
STU0492,Student_492,CSE,B,39,91,62,93,67,352,70.4,B,Pass,379
STU0493,Student_493,ECE,A,53,100,81,73,67,374,74.8,B,Pass,210
STU0494,Student_494,CIVIL,B,41,48,53,88,54,284,56.8,D,Pass,901
STU0495,Student_495,CIVIL,B,97,91,42,96,63,389,77.8,B,Pass,120
STU0496,Student_496,ECE,A,100,40,92,62,96,390,78,B,Pass,112
STU0497,Student_497,CSE,A,75,83,83,37,44,322,64.4,C,Pass,622
STU0498,Student_498,ECE,A,69,36,58,72,56,291,58.2,D,Pass,861
STU0499,Student_499,ECE,C,89,73,63,54,75,354,70.8,B,Pass,364
STU0500,Student_500,MECH,C,100,64,87,68,56,375,75,B,Pass,204
STU0501,Student_501,EEE,B,61,44,82,93,93,373,74.6,B,Pass,220
STU0502,Student_502,MECH,B,63,99,60,44,87,353,70.6,B,Pass,368
STU0503,Student_503,EEE,B,85,82,55,56,64,342,68.4,C,Pass,469
STU0504,Student_504,CSE,A,62,99,79,41,83,364,72.8,B,Pass,279
STU0505,Student_505,CSE,C,35,44,70,80,66,295,59,D,Pass,829
STU0506,Student_506,CSE,B,61,88,84,69,59,361,72.2,B,Pass,306
STU0507,Student_507,MECH,C,49,38,61,60,53,261,52.2,D,Pass,962
STU0508,Student_508,MECH,A,77,75,76,84,74,386,77.2,B,Pass,130
STU0509,Student_509,CSE,A,57,86,81,97,77,398,79.6,B,Pass,77
STU0510,Student_510,ECE,C,95,84,96,92,67,434,86.8,A,Pass,10
STU0511,Student_511,EEE,B,82,44,72,53,70,321,64.2,C,Pass,632
STU0512,Student_512,EEE,C,80,37,99,42,85,343,68.6,C,Pass,461
STU0513,Student_513,ECE,A,40,73,94,62,88,357,71.4,B,Pass,338
STU0514,Student_514,CIVIL,A,90,93,36,95,92,406,81.2,A,Pass,52
STU0515,Student_515,EEE,C,94,74,70,71,52,361,72.2,B,Pass,306
STU0516,Student_516,ECE,C,56,45,92,91,38,322,64.4,C,Pass,622
STU0517,Student_517,CIVIL,C,88,35,89,37,72,321,64.2,C,Pass,632
STU0518,Student_518,ECE,A,35,72,63,39,55,264,52.8,D,Pass,954
STU0519,Student_519,ECE,C,81,69,35,46,94,325,65,C,Pass,607
STU0520,Student_520,EEE,B,57,59,55,95,97,363,72.6,B,Pass,287
STU0521,Student_521,ECE,A,89,80,66,89,39,363,72.6,B,Pass,287
STU0522,Student_522,MECH,B,83,92,73,95,43,386,77.2,B,Pass,130
STU0523,Student_523,EEE,A,69,73,56,75,39,312,62.4,C,Pass,715
STU0524,Student_524,ECE,C,64,91,63,71,47,336,67.2,C,Pass,530
STU0525,Student_525,MECH,C,57,79,51,100,40,327,65.4,C,Pass,594
STU0526,Student_526,MECH,B,56,67,64,66,76,329,65.8,C,Pass,583
STU0527,Student_527,EEE,B,44,70,68,62,45,289,57.8,D,Pass,873
STU0528,Student_528,EEE,B,49,62,58,43,81,293,58.6,D,Pass,846
STU0529,Student_529,CSE,B,53,74,81,99,63,370,74,B,Pass,250
STU0530,Student_530,ECE,B,47,35,68,82,82,314,62.8,C,Pass,696
STU0531,Student_531,CSE,A,98,95,63,73,60,389,77.8,B,Pass,120
STU0532,Student_532,CSE,C,47,60,83,41,92,323,64.6,C,Pass,618
STU0533,Student_533,CSE,C,87,99,96,51,77,410,82,A,Pass,41
STU0534,Student_534,CSE,C,37,63,66,60,50,276,55.2,D,Pass,924
STU0535,Student_535,CSE,B,62,90,99,75,85,411,82.2,A,Pass,38
STU0536,Student_536,CSE,C,63,53,100,75,79,370,74,B,Pass,250
STU0537,Student_537,EEE,C,87,80,64,91,52,374,74.8,B,Pass,210
STU0538,Student_538,EEE,B,42,56,40,91,70,299,59.8,D,Pass,811
STU0539,Student_539,MECH,A,83,79,100,79,54,395,79,B,Pass,89
STU0540,Student_540,CIVIL,C,37,88,98,74,93,390,78,B,Pass,112
STU0541,Student_541,MECH,C,94,64,36,96,83,373,74.6,B,Pass,220
STU0542,Student_542,CSE,C,95,82,59,70,42,348,69.6,C,Pass,416
STU0543,Student_543,CSE,B,92,79,96,73,92,432,86.4,A,Pass,12
STU0544,Student_544,MECH,A,98,78,63,93,43,375,75,B,Pass,204
STU0545,Student_545,MECH,B,63,92,51,50,37,293,58.6,D,Pass,846
STU0546,Student_546,CIVIL,B,70,96,76,76,95,413,82.6,A,Pass,30
STU0547,Student_547,CIVIL,C,88,50,42,93,91,364,72.8,B,Pass,279
STU0548,Student_548,CIVIL,C,36,44,78,45,36,239,47.8,F,Pass,995
STU0549,Student_549,ECE,C,57,52,96,96,72,373,74.6,B,Pass,220
STU0550,Student_550,CSE,C,72,95,35,79,62,343,68.6,C,Pass,461
STU0551,Student_551,CIVIL,B,47,61,41,56,87,292,58.4,D,Pass,855
STU0552,Student_552,MECH,C,67,62,42,35,71,277,55.4,D,Pass,921
STU0553,Student_553,CIVIL,A,69,39,94,80,84,366,73.2,B,Pass,267
STU0554,Student_554,CSE,B,93,63,52,36,42,286,57.2,D,Pass,887
STU0555,Student_555,EEE,A,88,72,82,61,54,357,71.4,B,Pass,338
STU0556,Student_556,MECH,C,95,65,95,69,49,373,74.6,B,Pass,220
STU0557,Student_557,CIVIL,A,69,93,55,88,64,369,73.8,B,Pass,255
STU0558,Student_558,MECH,A,69,72,65,58,83,347,69.4,C,Pass,427
STU0559,Student_559,MECH,C,92,37,44,59,95,327,65.4,C,Pass,594
STU0560,Student_560,CIVIL,C,53,77,100,95,77,402,80.4,A,Pass,63
STU0561,Student_561,CSE,C,58,45,89,62,97,351,70.2,B,Pass,385
STU0562,Student_562,EEE,A,85,55,46,84,38,308,61.6,C,Pass,744
STU0563,Student_563,CSE,B,72,59,48,66,45,290,58,D,Pass,866
STU0564,Student_564,CIVIL,B,61,89,88,55,78,371,74.2,B,Pass,239
STU0565,Student_565,CIVIL,C,75,93,88,56,99,411,82.2,A,Pass,38
STU0566,Student_566,MECH,A,49,56,81,80,48,314,62.8,C,Pass,696
STU0567,Student_567,ECE,B,67,93,77,46,74,357,71.4,B,Pass,338
STU0568,Student_568,MECH,B,72,37,62,90,47,308,61.6,C,Pass,744
STU0569,Student_569,CIVIL,B,71,83,100,70,88,412,82.4,A,Pass,32
STU0570,Student_570,ECE,C,74,77,56,54,42,303,60.6,C,Pass,786
STU0571,Student_571,CIVIL,B,64,89,50,80,96,379,75.8,B,Pass,176
STU0572,Student_572,EEE,C,79,93,90,82,61,405,81,A,Pass,54
STU0573,Student_573,CIVIL,C,69,85,71,91,42,358,71.6,B,Pass,326
STU0574,Student_574,CIVIL,B,54,87,46,83,51,321,64.2,C,Pass,632
STU0575,Student_575,ECE,B,63,53,45,84,92,337,67.4,C,Pass,520
STU0576,Student_576,ECE,C,54,84,44,66,86,334,66.8,C,Pass,544
STU0577,Student_577,CIVIL,C,71,74,74,90,57,366,73.2,B,Pass,267
STU0578,Student_578,EEE,B,98,42,90,94,44,368,73.6,B,Pass,259
STU0579,Student_579,MECH,A,70,47,70,60,38,285,57,D,Pass,893
STU0580,Student_580,ECE,B,56,36,65,45,80,282,56.4,D,Pass,906
STU0581,Student_581,CIVIL,B,44,74,58,78,94,348,69.6,C,Pass,416
STU0582,Student_582,CSE,A,91,89,87,90,43,400,80,A,Pass,68
STU0583,Student_583,CIVIL,A,82,52,74,51,49,308,61.6,C,Pass,744
STU0584,Student_584,ECE,C,97,73,47,66,43,326,65.2,C,Pass,599
STU0585,Student_585,MECH,B,97,78,72,94,82,423,84.6,A,Pass,18
STU0586,Student_586,ECE,C,73,93,96,47,40,349,69.8,C,Pass,408
STU0587,Student_587,EEE,A,94,48,88,38,73,341,68.2,C,Pass,485
STU0588,Student_588,CSE,A,66,93,97,72,87,415,83,A,Pass,28
STU0589,Student_589,EEE,C,56,72,96,91,40,355,71,B,Pass,355
STU0590,Student_590,EEE,B,37,93,83,93,65,371,74.2,B,Pass,239
STU0591,Student_591,CIVIL,C,96,86,75,65,56,378,75.6,B,Pass,184
STU0592,Student_592,MECH,A,79,76,83,54,88,380,76,B,Pass,165
STU0593,Student_593,MECH,A,35,49,51,58,92,285,57,D,Pass,893
STU0594,Student_594,ECE,C,57,80,42,93,93,365,73,B,Pass,275
STU0595,Student_595,CIVIL,C,62,95,50,36,51,294,58.8,D,Pass,834
STU0596,Student_596,CIVIL,B,47,77,55,89,74,342,68.4,C,Pass,469
STU0597,Student_597,EEE,C,86,87,86,64,67,390,78,B,Pass,112
STU0598,Student_598,CSE,A,88,35,78,43,66,310,62,C,Pass,728
STU0599,Student_599,MECH,A,91,42,61,96,46,336,67.2,C,Pass,530
STU0600,Student_600,CSE,C,76,96,45,77,51,345,69,C,Pass,444
STU0601,Student_601,CSE,B,74,57,90,40,84,345,69,C,Pass,444
STU0602,Student_602,CIVIL,A,98,88,83,45,83,397,79.4,B,Pass,81
STU0603,Student_603,CIVIL,C,100,97,62,51,40,350,70,B,Pass,397
STU0604,Student_604,EEE,B,62,100,72,71,83,388,77.6,B,Pass,123
STU0605,Student_605,EEE,B,47,86,92,66,94,385,77,B,Pass,136
STU0606,Student_606,EEE,B,90,62,35,76,82,345,69,C,Pass,444
STU0607,Student_607,CSE,C,38,72,61,43,50,264,52.8,D,Pass,954
STU0608,Student_608,MECH,C,48,59,68,58,60,293,58.6,D,Pass,846
STU0609,Student_609,MECH,B,58,39,92,61,49,299,59.8,D,Pass,811
STU0610,Student_610,EEE,A,87,78,60,81,68,374,74.8,B,Pass,210
STU0611,Student_611,ECE,C,38,82,89,35,100,344,68.8,C,Pass,452
STU0612,Student_612,EEE,B,55,83,96,72,49,355,71,B,Pass,355
STU0613,Student_613,ECE,B,86,80,59,55,39,319,63.8,C,Pass,657
STU0614,Student_614,CSE,C,81,52,55,57,98,343,68.6,C,Pass,461
STU0615,Student_615,EEE,B,44,86,95,98,39,362,72.4,B,Pass,294
STU0616,Student_616,ECE,A,87,89,71,90,93,430,86,A,Pass,14
STU0617,Student_617,CIVIL,B,93,36,99,94,85,407,81.4,A,Pass,51
STU0618,Student_618,EEE,C,97,98,95,88,92,470,94,A+,Pass,1
STU0619,Student_619,CIVIL,C,68,65,86,35,89,343,68.6,C,Pass,461
STU0620,Student_620,CIVIL,C,35,99,97,88,76,395,79,B,Pass,89
STU0621,Student_621,CIVIL,C,56,72,42,96,81,347,69.4,C,Pass,427
STU0622,Student_622,CSE,A,47,51,72,79,40,289,57.8,D,Pass,873
STU0623,Student_623,EEE,B,48,95,49,88,61,341,68.2,C,Pass,485
STU0624,Student_624,CIVIL,A,65,69,94,40,92,360,72,B,Pass,316
STU0625,Student_625,CSE,C,68,60,81,39,54,302,60.4,C,Pass,790
STU0626,Student_626,EEE,B,52,38,51,48,47,236,47.2,F,Pass,997
STU0627,Student_627,MECH,C,49,53,97,69,69,337,67.4,C,Pass,520
STU0628,Student_628,EEE,C,66,82,78,58,95,379,75.8,B,Pass,176
STU0629,Student_629,CIVIL,A,84,99,66,70,47,366,73.2,B,Pass,267
STU0630,Student_630,ECE,B,71,74,93,50,96,384,76.8,B,Pass,144
STU0631,Student_631,MECH,A,62,100,65,37,42,306,61.2,C,Pass,762
STU0632,Student_632,EEE,C,79,100,42,91,64,376,75.2,B,Pass,197
STU0633,Student_633,ECE,B,52,73,94,77,79,375,75,B,Pass,204
STU0634,Student_634,CIVIL,B,40,90,38,57,40,265,53,D,Pass,951
STU0635,Student_635,ECE,B,49,74,40,97,45,305,61,C,Pass,770
STU0636,Student_636,EEE,A,38,97,75,39,66,315,63,C,Pass,690
STU0637,Student_637,EEE,B,99,56,45,37,43,280,56,D,Pass,909
STU0638,Student_638,MECH,C,48,52,57,81,81,319,63.8,C,Pass,657
STU0639,Student_639,MECH,C,64,59,62,59,92,336,67.2,C,Pass,530
STU0640,Student_640,CSE,A,82,44,45,55,79,305,61,C,Pass,770
STU0641,Student_641,CSE,B,98,36,76,88,50,348,69.6,C,Pass,416
STU0642,Student_642,CSE,C,52,93,50,40,91,326,65.2,C,Pass,599
STU0643,Student_643,MECH,C,81,82,76,94,38,371,74.2,B,Pass,239
STU0644,Student_644,ECE,B,93,61,61,41,97,353,70.6,B,Pass,368
STU0645,Student_645,MECH,A,77,51,97,70,42,337,67.4,C,Pass,520
STU0646,Student_646,CIVIL,B,70,62,81,64,57,334,66.8,C,Pass,544
STU0647,Student_647,ECE,C,86,71,63,49,81,350,70,B,Pass,397
STU0648,Student_648,MECH,C,55,98,71,61,89,374,74.8,B,Pass,210
STU0649,Student_649,MECH,A,54,59,97,70,36,316,63.2,C,Pass,680
STU0650,Student_650,ECE,A,88,64,79,53,68,352,70.4,B,Pass,379
STU0651,Student_651,CIVIL,C,96,56,86,86,70,394,78.8,B,Pass,95
STU0652,Student_652,CSE,C,53,72,91,54,43,313,62.6,C,Pass,705
STU0653,Student_653,MECH,B,39,54,71,56,92,312,62.4,C,Pass,715
STU0654,Student_654,MECH,A,78,68,76,43,41,306,61.2,C,Pass,762
STU0655,Student_655,MECH,C,65,69,91,95,65,385,77,B,Pass,136
STU0656,Student_656,EEE,C,87,66,100,93,44,390,78,B,Pass,112
STU0657,Student_657,ECE,B,94,51,50,50,80,325,65,C,Pass,607
STU0658,Student_658,CIVIL,C,35,45,38,60,84,262,52.4,D,Pass,960
STU0659,Student_659,MECH,C,99,81,87,36,58,361,72.2,B,Pass,306
STU0660,Student_660,MECH,C,60,74,84,77,46,341,68.2,C,Pass,485
STU0661,Student_661,EEE,B,61,88,100,83,50,382,76.4,B,Pass,153
STU0662,Student_662,ECE,B,64,72,62,59,44,301,60.2,C,Pass,801
STU0663,Student_663,MECH,B,74,76,81,71,56,358,71.6,B,Pass,326
STU0664,Student_664,CSE,B,61,75,68,66,100,370,74,B,Pass,250
STU0665,Student_665,MECH,A,44,82,54,73,94,347,69.4,C,Pass,427
STU0666,Student_666,ECE,A,85,70,58,61,36,310,62,C,Pass,728
STU0667,Student_667,CSE,B,100,63,49,46,62,320,64,C,Pass,649
STU0668,Student_668,MECH,A,58,55,44,52,48,257,51.4,D,Pass,973
STU0669,Student_669,ECE,B,56,70,79,70,56,331,66.2,C,Pass,565
STU0670,Student_670,CIVIL,A,67,79,70,54,52,322,64.4,C,Pass,622
STU0671,Student_671,EEE,C,50,93,55,46,50,294,58.8,D,Pass,834
STU0672,Student_672,CSE,A,48,95,80,66,49,338,67.6,C,Pass,510
STU0673,Student_673,MECH,A,75,88,78,39,61,341,68.2,C,Pass,485
STU0674,Student_674,MECH,C,77,65,51,88,96,377,75.4,B,Pass,190
STU0675,Student_675,CIVIL,C,69,39,63,59,56,286,57.2,D,Pass,887
STU0676,Student_676,ECE,A,35,78,73,88,63,337,67.4,C,Pass,520
STU0677,Student_677,ECE,C,54,80,99,92,87,412,82.4,A,Pass,32
STU0678,Student_678,CSE,A,100,63,42,63,85,353,70.6,B,Pass,368
STU0679,Student_679,CSE,C,94,69,54,73,38,328,65.6,C,Pass,589
STU0680,Student_680,EEE,B,53,79,77,47,47,303,60.6,C,Pass,786
STU0681,Student_681,MECH,A,86,87,77,76,60,386,77.2,B,Pass,130
STU0682,Student_682,EEE,A,62,43,54,90,73,322,64.4,C,Pass,622
STU0683,Student_683,EEE,C,89,45,60,76,61,331,66.2,C,Pass,565
STU0684,Student_684,EEE,B,77,53,98,40,80,348,69.6,C,Pass,416
STU0685,Student_685,MECH,B,76,99,93,86,81,435,87,A,Pass,8
STU0686,Student_686,EEE,C,95,59,46,60,46,306,61.2,C,Pass,762
STU0687,Student_687,EEE,C,71,80,87,47,88,373,74.6,B,Pass,220
STU0688,Student_688,CSE,B,38,83,41,45,88,295,59,D,Pass,829
STU0689,Student_689,CSE,C,79,57,62,91,60,349,69.8,C,Pass,408
STU0690,Student_690,CSE,B,63,70,48,69,64,314,62.8,C,Pass,696
STU0691,Student_691,MECH,A,64,79,85,81,87,396,79.2,B,Pass,85
STU0692,Student_692,MECH,B,72,98,41,56,75,342,68.4,C,Pass,469
STU0693,Student_693,ECE,B,91,41,84,86,67,369,73.8,B,Pass,255
STU0694,Student_694,CSE,A,94,68,38,51,38,289,57.8,D,Pass,873
STU0695,Student_695,EEE,B,38,35,84,95,69,321,64.2,C,Pass,632
STU0696,Student_696,CIVIL,C,70,84,77,61,66,358,71.6,B,Pass,326
STU0697,Student_697,CSE,B,62,63,50,81,93,349,69.8,C,Pass,408
STU0698,Student_698,MECH,A,51,73,82,80,82,368,73.6,B,Pass,259
STU0699,Student_699,CSE,B,64,56,100,46,70,336,67.2,C,Pass,530
STU0700,Student_700,ECE,B,87,35,92,40,78,332,66.4,C,Pass,556
STU0701,Student_701,EEE,A,52,64,76,67,46,305,61,C,Pass,770
STU0702,Student_702,EEE,C,43,55,63,67,96,324,64.8,C,Pass,614
STU0703,Student_703,CIVIL,C,36,86,78,88,52,340,68,C,Pass,491
STU0704,Student_704,EEE,C,77,72,71,92,67,379,75.8,B,Pass,176
STU0705,Student_705,MECH,C,45,56,100,78,40,319,63.8,C,Pass,657
STU0706,Student_706,ECE,A,91,89,50,48,73,351,70.2,B,Pass,385
STU0707,Student_707,MECH,C,83,43,92,79,56,353,70.6,B,Pass,368
STU0708,Student_708,CIVIL,C,76,87,93,73,49,378,75.6,B,Pass,184
STU0709,Student_709,CIVIL,C,37,44,63,69,40,253,50.6,D,Pass,980
STU0710,Student_710,MECH,C,72,53,42,42,81,290,58,D,Pass,866
STU0711,Student_711,MECH,C,79,42,50,43,94,308,61.6,C,Pass,744
STU0712,Student_712,CIVIL,A,49,75,56,58,78,316,63.2,C,Pass,680
STU0713,Student_713,CSE,B,90,84,46,94,60,374,74.8,B,Pass,210
STU0714,Student_714,CSE,A,57,77,40,77,59,310,62,C,Pass,728
STU0715,Student_715,ECE,B,47,77,62,52,93,331,66.2,C,Pass,565
STU0716,Student_716,MECH,C,91,85,90,61,66,393,78.6,B,Pass,100
STU0717,Student_717,CSE,A,80,60,42,40,58,280,56,D,Pass,909
STU0718,Student_718,CIVIL,A,59,54,100,79,81,373,74.6,B,Pass,220
STU0719,Student_719,MECH,C,89,53,69,87,60,358,71.6,B,Pass,326
STU0720,Student_720,CIVIL,A,99,85,77,57,90,408,81.6,A,Pass,47
STU0721,Student_721,EEE,B,89,94,93,67,53,396,79.2,B,Pass,85
STU0722,Student_722,MECH,C,86,83,71,60,74,374,74.8,B,Pass,210
STU0723,Student_723,CIVIL,B,88,56,50,62,69,325,65,C,Pass,607
STU0724,Student_724,MECH,A,80,89,60,59,99,387,77.4,B,Pass,128
STU0725,Student_725,EEE,C,77,57,64,52,55,305,61,C,Pass,770
STU0726,Student_726,CSE,C,57,79,78,81,74,369,73.8,B,Pass,255
STU0727,Student_727,EEE,B,41,84,82,40,43,290,58,D,Pass,866
STU0728,Student_728,CIVIL,A,91,65,55,74,79,364,72.8,B,Pass,279
STU0729,Student_729,CIVIL,A,54,51,62,75,100,342,68.4,C,Pass,469
STU0730,Student_730,CSE,B,75,40,72,40,79,306,61.2,C,Pass,762
STU0731,Student_731,EEE,B,100,74,37,58,53,322,64.4,C,Pass,622
STU0732,Student_732,ECE,A,69,96,35,59,79,338,67.6,C,Pass,510
STU0733,Student_733,CSE,B,50,53,57,59,50,269,53.8,D,Pass,941
STU0734,Student_734,EEE,A,35,76,53,68,89,321,64.2,C,Pass,632
STU0735,Student_735,ECE,B,79,40,55,82,73,329,65.8,C,Pass,583
STU0736,Student_736,ECE,B,64,52,94,49,38,297,59.4,D,Pass,823
STU0737,Student_737,CSE,A,43,60,38,50,49,240,48,F,Pass,993
STU0738,Student_738,EEE,A,86,39,54,52,36,267,53.4,D,Pass,945
STU0739,Student_739,CIVIL,A,38,76,95,42,97,348,69.6,C,Pass,416
STU0740,Student_740,CSE,B,45,76,47,70,47,285,57,D,Pass,893
STU0741,Student_741,MECH,A,86,36,90,94,57,363,72.6,B,Pass,287
STU0742,Student_742,CIVIL,C,63,85,65,84,54,351,70.2,B,Pass,385
STU0743,Student_743,MECH,C,36,59,47,92,98,332,66.4,C,Pass,556
STU0744,Student_744,CIVIL,C,93,94,96,50,49,382,76.4,B,Pass,153
STU0745,Student_745,CSE,C,69,89,48,83,41,330,66,C,Pass,576
STU0746,Student_746,EEE,A,50,85,76,51,97,359,71.8,B,Pass,322
STU0747,Student_747,CIVIL,A,41,61,44,68,70,284,56.8,D,Pass,901
STU0748,Student_748,CSE,B,58,52,40,63,59,272,54.4,D,Pass,935
STU0749,Student_749,CSE,B,58,60,62,37,72,289,57.8,D,Pass,873
STU0750,Student_750,CIVIL,B,85,82,55,88,90,400,80,A,Pass,68
STU0751,Student_751,EEE,C,54,93,43,35,63,288,57.6,D,Pass,882
STU0752,Student_752,MECH,C,37,41,61,35,78,252,50.4,D,Pass,981
STU0753,Student_753,CSE,C,76,67,84,97,71,395,79,B,Pass,89
STU0754,Student_754,CSE,C,82,39,82,37,81,321,64.2,C,Pass,632
STU0755,Student_755,EEE,B,97,95,65,51,58,366,73.2,B,Pass,267
STU0756,Student_756,MECH,C,84,61,49,84,70,348,69.6,C,Pass,416
STU0757,Student_757,EEE,B,81,95,66,47,35,324,64.8,C,Pass,614
STU0758,Student_758,ECE,B,65,98,59,72,48,342,68.4,C,Pass,469
STU0759,Student_759,EEE,B,36,90,95,56,69,346,69.2,C,Pass,437
STU0760,Student_760,CIVIL,B,77,51,92,36,38,294,58.8,D,Pass,834
STU0761,Student_761,CIVIL,C,40,54,98,50,85,327,65.4,C,Pass,594
STU0762,Student_762,CSE,A,76,91,100,43,98,408,81.6,A,Pass,47
STU0763,Student_763,ECE,C,63,72,52,99,35,321,64.2,C,Pass,632
STU0764,Student_764,MECH,A,61,77,93,66,67,364,72.8,B,Pass,279
STU0765,Student_765,MECH,B,89,94,96,68,90,437,87.4,A,Pass,6
STU0766,Student_766,CSE,A,90,52,88,77,73,380,76,B,Pass,165
STU0767,Student_767,CIVIL,B,52,57,88,64,92,353,70.6,B,Pass,368
STU0768,Student_768,MECH,C,52,41,74,99,83,349,69.8,C,Pass,408
STU0769,Student_769,MECH,B,63,55,43,81,76,318,63.6,C,Pass,666
STU0770,Student_770,EEE,C,54,61,72,99,88,374,74.8,B,Pass,210
STU0771,Student_771,CSE,A,58,81,97,91,89,416,83.2,A,Pass,27
STU0772,Student_772,MECH,C,96,64,56,63,75,354,70.8,B,Pass,364
STU0773,Student_773,ECE,B,99,65,64,52,51,331,66.2,C,Pass,565
STU0774,Student_774,CSE,C,90,56,90,53,91,380,76,B,Pass,165
STU0775,Student_775,MECH,B,69,35,86,71,99,360,72,B,Pass,316
STU0776,Student_776,EEE,A,55,87,50,95,88,375,75,B,Pass,204
STU0777,Student_777,ECE,A,98,77,51,93,57,376,75.2,B,Pass,197
STU0778,Student_778,MECH,A,68,80,50,53,36,287,57.4,D,Pass,883
STU0779,Student_779,ECE,B,46,56,66,35,88,291,58.2,D,Pass,861
STU0780,Student_780,CIVIL,B,52,40,79,57,57,285,57,D,Pass,893
STU0781,Student_781,ECE,A,41,78,61,60,70,310,62,C,Pass,728
STU0782,Student_782,CIVIL,C,98,91,95,36,89,409,81.8,A,Pass,44
STU0783,Student_783,ECE,A,72,63,60,69,63,327,65.4,C,Pass,594
STU0784,Student_784,ECE,A,75,75,57,37,92,336,67.2,C,Pass,530
STU0785,Student_785,ECE,C,41,35,95,48,86,305,61,C,Pass,770
STU0786,Student_786,ECE,C,64,55,94,97,76,386,77.2,B,Pass,130
STU0787,Student_787,EEE,A,66,49,96,61,62,334,66.8,C,Pass,544
STU0788,Student_788,CSE,B,93,92,36,70,47,338,67.6,C,Pass,510
STU0789,Student_789,CSE,C,94,56,97,59,82,388,77.6,B,Pass,123
STU0790,Student_790,EEE,A,72,75,79,74,51,351,70.2,B,Pass,385
STU0791,Student_791,CIVIL,A,36,96,43,51,84,310,62,C,Pass,728
STU0792,Student_792,ECE,C,55,52,89,63,58,317,63.4,C,Pass,674
STU0793,Student_793,ECE,A,51,52,76,79,51,309,61.8,C,Pass,737
STU0794,Student_794,CSE,B,83,63,38,54,81,319,63.8,C,Pass,657
STU0795,Student_795,EEE,A,61,49,53,86,60,309,61.8,C,Pass,737
STU0796,Student_796,CSE,B,60,80,83,87,37,347,69.4,C,Pass,427
STU0797,Student_797,ECE,A,76,53,51,67,83,330,66,C,Pass,576
STU0798,Student_798,EEE,C,83,89,60,86,41,359,71.8,B,Pass,322
STU0799,Student_799,MECH,A,88,96,35,83,59,361,72.2,B,Pass,306
STU0800,Student_800,ECE,B,50,92,63,40,50,295,59,D,Pass,829
STU0801,Student_801,MECH,C,77,60,67,60,79,343,68.6,C,Pass,461
STU0802,Student_802,MECH,C,86,60,36,48,64,294,58.8,D,Pass,834
STU0803,Student_803,CSE,B,78,67,47,60,55,307,61.4,C,Pass,753
STU0804,Student_804,MECH,B,57,82,36,54,93,322,64.4,C,Pass,622
STU0805,Student_805,EEE,C,46,74,100,50,68,338,67.6,C,Pass,510
STU0806,Student_806,MECH,A,40,98,56,52,46,292,58.4,D,Pass,855
STU0807,Student_807,MECH,C,85,82,53,40,61,321,64.2,C,Pass,632
STU0808,Student_808,CIVIL,C,82,41,93,45,49,310,62,C,Pass,728
STU0809,Student_809,EEE,B,57,87,71,43,49,307,61.4,C,Pass,753
STU0810,Student_810,EEE,A,51,60,55,55,45,266,53.2,D,Pass,948
STU0811,Student_811,ECE,A,69,48,48,44,46,255,51,D,Pass,977
STU0812,Student_812,MECH,C,68,75,44,51,51,289,57.8,D,Pass,873
STU0813,Student_813,EEE,B,35,46,38,76,47,242,48.4,F,Pass,992
STU0814,Student_814,ECE,B,38,53,36,46,40,213,42.6,F,Pass,1000
STU0815,Student_815,CIVIL,C,45,97,91,46,36,315,63,C,Pass,690
STU0816,Student_816,ECE,C,87,44,42,70,48,291,58.2,D,Pass,861
STU0817,Student_817,ECE,A,55,84,73,54,41,307,61.4,C,Pass,753
STU0818,Student_818,CSE,A,60,72,72,95,78,377,75.4,B,Pass,190
STU0819,Student_819,MECH,B,96,40,51,85,72,344,68.8,C,Pass,452
STU0820,Student_820,EEE,B,55,91,73,67,93,379,75.8,B,Pass,176
STU0821,Student_821,ECE,A,82,76,61,86,76,381,76.2,B,Pass,159
STU0822,Student_822,ECE,B,59,57,91,86,65,358,71.6,B,Pass,326
STU0823,Student_823,CSE,A,36,52,81,67,69,305,61,C,Pass,770
STU0824,Student_824,EEE,B,52,64,78,87,44,325,65,C,Pass,607
STU0825,Student_825,MECH,A,45,100,92,70,67,374,74.8,B,Pass,210
STU0826,Student_826,CIVIL,A,76,53,53,92,57,331,66.2,C,Pass,565
STU0827,Student_827,EEE,B,99,46,58,68,87,358,71.6,B,Pass,326
STU0828,Student_828,CSE,B,91,39,60,64,88,342,68.4,C,Pass,469
STU0829,Student_829,CIVIL,C,63,37,92,36,62,290,58,D,Pass,866
STU0830,Student_830,ECE,A,36,41,60,50,57,244,48.8,F,Pass,990
STU0831,Student_831,MECH,A,66,49,47,39,86,287,57.4,D,Pass,883
STU0832,Student_832,CIVIL,A,87,84,49,41,74,335,67,C,Pass,538
STU0833,Student_833,MECH,C,49,99,38,45,60,291,58.2,D,Pass,861
STU0834,Student_834,CIVIL,A,57,74,57,50,95,333,66.6,C,Pass,550
STU0835,Student_835,MECH,C,87,59,78,46,43,313,62.6,C,Pass,705
STU0836,Student_836,MECH,A,88,88,62,90,92,420,84,A,Pass,22
STU0837,Student_837,EEE,B,72,87,67,90,85,401,80.2,A,Pass,66
STU0838,Student_838,ECE,C,49,72,49,39,88,297,59.4,D,Pass,823
STU0839,Student_839,EEE,B,46,38,52,70,59,265,53,D,Pass,951
STU0840,Student_840,MECH,B,70,43,95,87,52,347,69.4,C,Pass,427
STU0841,Student_841,EEE,C,97,38,75,79,84,373,74.6,B,Pass,220
STU0842,Student_842,MECH,B,35,73,51,69,80,308,61.6,C,Pass,744
STU0843,Student_843,ECE,B,73,83,96,72,57,381,76.2,B,Pass,159
STU0844,Student_844,MECH,A,93,36,83,65,74,351,70.2,B,Pass,385
STU0845,Student_845,EEE,C,89,83,91,49,61,373,74.6,B,Pass,220
STU0846,Student_846,MECH,B,64,70,83,89,90,396,79.2,B,Pass,85
STU0847,Student_847,MECH,C,78,65,92,87,57,379,75.8,B,Pass,176
STU0848,Student_848,MECH,A,55,51,71,53,64,294,58.8,D,Pass,834
STU0849,Student_849,CIVIL,B,96,70,86,53,78,383,76.6,B,Pass,147
STU0850,Student_850,CSE,A,68,100,89,44,76,377,75.4,B,Pass,190
STU0851,Student_851,CSE,A,44,44,94,85,55,322,64.4,C,Pass,622
STU0852,Student_852,CSE,A,64,83,43,51,92,333,66.6,C,Pass,550
STU0853,Student_853,CSE,B,86,95,74,72,77,404,80.8,A,Pass,58
STU0854,Student_854,EEE,B,67,47,96,77,83,370,74,B,Pass,250
STU0855,Student_855,MECH,B,44,40,91,35,92,302,60.4,C,Pass,790
STU0856,Student_856,EEE,A,90,54,88,59,62,353,70.6,B,Pass,368
STU0857,Student_857,CIVIL,A,52,81,91,53,99,376,75.2,B,Pass,197
STU0858,Student_858,CIVIL,C,76,55,74,59,89,353,70.6,B,Pass,368
STU0859,Student_859,MECH,A,90,89,100,53,41,373,74.6,B,Pass,220
STU0860,Student_860,ECE,B,93,54,51,61,81,340,68,C,Pass,491
STU0861,Student_861,ECE,C,96,53,51,73,73,346,69.2,C,Pass,437
STU0862,Student_862,MECH,A,38,59,64,63,85,309,61.8,C,Pass,737
STU0863,Student_863,CIVIL,B,76,91,46,51,64,328,65.6,C,Pass,589
STU0864,Student_864,EEE,C,57,35,66,43,49,250,50,D,Pass,983
STU0865,Student_865,MECH,A,69,61,54,99,83,366,73.2,B,Pass,267
STU0866,Student_866,CIVIL,A,44,81,93,96,52,366,73.2,B,Pass,267
STU0867,Student_867,EEE,B,73,83,78,88,68,390,78,B,Pass,112
STU0868,Student_868,MECH,B,72,93,43,85,69,362,72.4,B,Pass,294
STU0869,Student_869,ECE,A,48,64,38,73,98,321,64.2,C,Pass,632
STU0870,Student_870,CSE,B,56,65,57,82,54,314,62.8,C,Pass,696
STU0871,Student_871,CIVIL,B,89,35,41,91,46,302,60.4,C,Pass,790
STU0872,Student_872,ECE,A,84,76,46,52,100,358,71.6,B,Pass,326
STU0873,Student_873,ECE,C,51,96,75,68,79,369,73.8,B,Pass,255
STU0874,Student_874,ECE,C,68,78,49,84,66,345,69,C,Pass,444
STU0875,Student_875,EEE,C,85,82,51,41,47,306,61.2,C,Pass,762
STU0876,Student_876,ECE,B,51,86,40,43,55,275,55,D,Pass,927
STU0877,Student_877,MECH,C,37,74,82,88,69,350,70,B,Pass,397
STU0878,Student_878,MECH,A,74,80,47,61,40,302,60.4,C,Pass,790
STU0879,Student_879,CSE,A,36,86,100,86,77,385,77,B,Pass,136
STU0880,Student_880,EEE,B,56,89,94,92,46,377,75.4,B,Pass,190
STU0881,Student_881,CIVIL,C,73,47,75,91,87,373,74.6,B,Pass,220
STU0882,Student_882,CIVIL,A,91,74,79,69,37,350,70,B,Pass,397
STU0883,Student_883,CIVIL,B,45,90,44,68,65,312,62.4,C,Pass,715
STU0884,Student_884,EEE,A,100,75,97,66,54,392,78.4,B,Pass,105
STU0885,Student_885,CSE,B,84,59,46,73,51,313,62.6,C,Pass,705
STU0886,Student_886,CIVIL,C,57,72,36,71,83,319,63.8,C,Pass,657
STU0887,Student_887,MECH,A,56,39,52,72,71,290,58,D,Pass,866
STU0888,Student_888,EEE,C,98,44,76,82,78,378,75.6,B,Pass,184
STU0889,Student_889,ECE,C,50,88,69,62,36,305,61,C,Pass,770
STU0890,Student_890,CIVIL,A,93,87,79,54,58,371,74.2,B,Pass,239
STU0891,Student_891,CIVIL,C,92,61,60,41,76,330,66,C,Pass,576
STU0892,Student_892,CIVIL,C,72,87,49,60,82,350,70,B,Pass,397
STU0893,Student_893,EEE,A,98,88,85,73,38,382,76.4,B,Pass,153
STU0894,Student_894,EEE,A,45,92,61,55,73,326,65.2,C,Pass,599
STU0895,Student_895,ECE,C,70,99,97,69,65,400,80,A,Pass,68
STU0896,Student_896,MECH,C,35,59,77,97,85,353,70.6,B,Pass,368
STU0897,Student_897,ECE,B,98,43,36,68,94,339,67.8,C,Pass,503
STU0898,Student_898,CIVIL,C,44,70,83,83,37,317,63.4,C,Pass,674
STU0899,Student_899,ECE,A,95,60,39,49,50,293,58.6,D,Pass,846
STU0900,Student_900,CSE,A,37,86,81,47,89,340,68,C,Pass,491
STU0901,Student_901,EEE,A,100,88,61,72,92,413,82.6,A,Pass,30
STU0902,Student_902,EEE,B,80,45,42,98,55,320,64,C,Pass,649
STU0903,Student_903,EEE,B,97,98,54,42,92,383,76.6,B,Pass,147
STU0904,Student_904,ECE,A,43,49,60,44,63,259,51.8,D,Pass,969
STU0905,Student_905,MECH,A,71,57,75,62,82,347,69.4,C,Pass,427
STU0906,Student_906,CIVIL,A,63,85,83,77,39,347,69.4,C,Pass,427
STU0907,Student_907,ECE,C,76,70,61,92,80,379,75.8,B,Pass,176
STU0908,Student_908,ECE,A,61,35,76,86,59,317,63.4,C,Pass,674
STU0909,Student_909,CIVIL,C,40,92,87,100,92,411,82.2,A,Pass,38
STU0910,Student_910,ECE,B,36,56,71,54,58,275,55,D,Pass,927
STU0911,Student_911,MECH,A,99,35,37,80,89,340,68,C,Pass,491
STU0912,Student_912,EEE,B,98,79,60,99,58,394,78.8,B,Pass,95
STU0913,Student_913,ECE,C,58,62,50,93,88,351,70.2,B,Pass,385
STU0914,Student_914,CSE,B,45,99,77,47,44,312,62.4,C,Pass,715
STU0915,Student_915,EEE,B,75,84,93,73,37,362,72.4,B,Pass,294
STU0916,Student_916,MECH,C,83,60,67,82,36,328,65.6,C,Pass,589
STU0917,Student_917,CSE,C,66,38,54,70,66,294,58.8,D,Pass,834
STU0918,Student_918,MECH,A,35,94,90,69,64,352,70.4,B,Pass,379
STU0919,Student_919,MECH,A,89,92,99,85,56,421,84.2,A,Pass,21
STU0920,Student_920,EEE,A,87,70,70,86,87,400,80,A,Pass,68
STU0921,Student_921,ECE,B,75,52,56,100,55,338,67.6,C,Pass,510
STU0922,Student_922,MECH,C,81,73,63,88,51,356,71.2,B,Pass,349
STU0923,Student_923,MECH,C,83,36,82,48,93,342,68.4,C,Pass,469
STU0924,Student_924,CSE,C,92,92,85,36,75,380,76,B,Pass,165
STU0925,Student_925,EEE,C,50,38,46,63,41,238,47.6,F,Pass,996
STU0926,Student_926,MECH,C,39,66,77,79,43,304,60.8,C,Pass,783
STU0927,Student_927,CSE,A,52,43,96,91,63,345,69,C,Pass,444
STU0928,Student_928,CIVIL,B,59,49,40,76,63,287,57.4,D,Pass,883
STU0929,Student_929,CIVIL,B,91,83,78,48,37,337,67.4,C,Pass,520
STU0930,Student_930,EEE,B,96,98,79,92,54,419,83.8,A,Pass,25
STU0931,Student_931,ECE,A,91,86,71,42,78,368,73.6,B,Pass,259
STU0932,Student_932,ECE,A,65,79,43,66,67,320,64,C,Pass,649
STU0933,Student_933,EEE,B,63,37,91,64,43,298,59.6,D,Pass,818
STU0934,Student_934,ECE,B,96,37,80,59,85,357,71.4,B,Pass,338
STU0935,Student_935,CIVIL,C,78,69,89,43,36,315,63,C,Pass,690
STU0936,Student_936,CIVIL,B,75,78,98,65,81,397,79.4,B,Pass,81
STU0937,Student_937,ECE,B,92,78,90,77,68,405,81,A,Pass,54
STU0938,Student_938,CIVIL,B,89,47,37,60,91,324,64.8,C,Pass,614
STU0939,Student_939,CIVIL,B,77,94,92,83,76,422,84.4,A,Pass,20
STU0940,Student_940,MECH,A,100,45,52,86,80,363,72.6,B,Pass,287
STU0941,Student_941,MECH,B,87,93,64,42,91,377,75.4,B,Pass,190
STU0942,Student_942,CSE,C,54,59,53,39,61,266,53.2,D,Pass,948
STU0943,Student_943,ECE,C,96,84,76,63,73,392,78.4,B,Pass,105
STU0944,Student_944,MECH,A,67,50,57,41,60,275,55,D,Pass,927
STU0945,Student_945,MECH,A,83,60,39,56,47,285,57,D,Pass,893
STU0946,Student_946,MECH,A,57,52,64,60,50,283,56.6,D,Pass,904
STU0947,Student_947,CIVIL,C,67,60,82,99,72,380,76,B,Pass,165
STU0948,Student_948,ECE,A,40,80,84,72,52,328,65.6,C,Pass,589
STU0949,Student_949,EEE,A,51,96,63,92,56,358,71.6,B,Pass,326
STU0950,Student_950,ECE,C,46,48,56,85,57,292,58.4,D,Pass,855
STU0951,Student_951,ECE,A,47,44,89,43,86,309,61.8,C,Pass,737
STU0952,Student_952,ECE,A,47,85,92,68,69,361,72.2,B,Pass,306
STU0953,Student_953,EEE,C,93,82,98,53,39,365,73,B,Pass,275
STU0954,Student_954,EEE,C,35,97,63,46,75,316,63.2,C,Pass,680
STU0955,Student_955,ECE,A,79,82,58,56,45,320,64,C,Pass,649
STU0956,Student_956,ECE,B,63,69,49,94,76,351,70.2,B,Pass,385
STU0957,Student_957,CSE,C,83,98,66,98,36,381,76.2,B,Pass,159
STU0958,Student_958,ECE,B,65,60,63,59,82,329,65.8,C,Pass,583
STU0959,Student_959,CSE,A,52,43,72,55,99,321,64.2,C,Pass,632
STU0960,Student_960,CIVIL,C,78,62,79,51,74,344,68.8,C,Pass,452
STU0961,Student_961,ECE,C,100,80,64,43,45,332,66.4,C,Pass,556
STU0962,Student_962,CIVIL,C,100,65,67,73,80,385,77,B,Pass,136
STU0963,Student_963,CIVIL,C,94,65,45,36,61,301,60.2,C,Pass,801
STU0964,Student_964,EEE,B,55,92,39,86,79,351,70.2,B,Pass,385
STU0965,Student_965,CIVIL,A,54,95,72,54,59,334,66.8,C,Pass,544
STU0966,Student_966,ECE,A,66,60,75,35,85,321,64.2,C,Pass,632
STU0967,Student_967,CIVIL,A,53,46,82,59,91,331,66.2,C,Pass,565
STU0968,Student_968,EEE,C,39,56,91,81,88,355,71,B,Pass,355
STU0969,Student_969,EEE,A,65,67,84,50,73,339,67.8,C,Pass,503
STU0970,Student_970,CSE,B,81,78,43,84,94,380,76,B,Pass,165
STU0971,Student_971,EEE,B,49,70,97,75,58,349,69.8,C,Pass,408
STU0972,Student_972,ECE,A,52,41,38,94,89,314,62.8,C,Pass,696
STU0973,Student_973,EEE,B,63,57,48,83,67,318,63.6,C,Pass,666
STU0974,Student_974,CSE,A,51,57,91,92,48,339,67.8,C,Pass,503
STU0975,Student_975,CIVIL,B,53,87,90,57,96,383,76.6,B,Pass,147
STU0976,Student_976,CSE,C,52,67,66,95,88,368,73.6,B,Pass,259
STU0977,Student_977,CSE,C,68,59,45,50,95,317,63.4,C,Pass,674
STU0978,Student_978,CIVIL,B,41,50,50,74,46,261,52.2,D,Pass,962
STU0979,Student_979,EEE,A,55,84,77,51,66,333,66.6,C,Pass,550
STU0980,Student_980,CSE,B,61,54,59,100,43,317,63.4,C,Pass,674
STU0981,Student_981,MECH,A,95,72,37,89,35,328,65.6,C,Pass,589
STU0982,Student_982,CIVIL,B,79,81,60,48,88,356,71.2,B,Pass,349
STU0983,Student_983,ECE,C,93,63,51,48,70,325,65,C,Pass,607
STU0984,Student_984,ECE,A,97,59,93,66,52,367,73.4,B,Pass,263
STU0985,Student_985,CIVIL,B,43,98,54,88,64,347,69.4,C,Pass,427
STU0986,Student_986,CIVIL,C,97,45,65,83,53,343,68.6,C,Pass,461
STU0987,Student_987,MECH,C,65,77,71,63,60,336,67.2,C,Pass,530
STU0988,Student_988,MECH,B,49,38,84,72,57,300,60,C,Pass,807
STU0989,Student_989,EEE,B,62,100,42,63,45,312,62.4,C,Pass,715
STU0990,Student_990,CIVIL,B,89,84,48,43,45,309,61.8,C,Pass,737
STU0991,Student_991,MECH,C,87,73,90,62,73,385,77,B,Pass,136
STU0992,Student_992,CSE,A,44,77,49,82,55,307,61.4,C,Pass,753
STU0993,Student_993,MECH,B,57,47,38,43,69,254,50.8,D,Pass,978
STU0994,Student_994,CIVIL,A,92,52,77,40,46,307,61.4,C,Pass,753
STU0995,Student_995,MECH,A,100,36,49,57,63,305,61,C,Pass,770
STU0996,Student_996,CSE,C,62,48,78,64,66,318,63.6,C,Pass,666
STU0997,Student_997,EEE,B,61,58,68,74,81,342,68.4,C,Pass,469
STU0998,Student_998,EEE,B,58,99,52,78,91,378,75.6,B,Pass,184
STU0999,Student_999,EEE,C,57,68,45,69,76,315,63,C,Pass,690
STU1000,Student_1000,MECH,C,58,42,87,38,39,264,52.8,D,Pass,954
